key,en,ru,de,fr,es,pt,pl,uk,zh,ja
proton.title,Equestria OS Proton Settings,Настройки Equestria OS Proton,Equestria OS Proton Einstellungen,Paramètres Equestria OS Proton,Ajustes Equestria OS Proton,Configurações Equestria OS Proton,Ustawienia Equestria OS Proton,Налаштування Equestria OS Proton,Equestria OS Proton 设置,Equestria OS Proton 設定
proton.properties,Properties: {0},Свойства: {0},Eigenschaften: {0},Propriétés : {0},Propiedades: {0},Propriedades: {0},Właściwości: {0},Властивості: {0},属性：{0},プロパティ: {0}
proton.group_graphics,Graphics & System,Графика и система,Grafik & System,Graphismes & Système,Gráficos y sistema,Gráficos e Sistema,Grafika i system,Графіка та система,图形与系统,グラフィックとシステム
proton.chk_fps,Show FPS counter and performance (DXVK HUD),Показывать счетчик FPS и производительность (DXVK HUD),FPS-Zähler und Leistung anzeigen (DXVK HUD),Afficher les FPS et les performances (DXVK HUD),Mostrar contador FPS y rendimiento (DXVK HUD),Mostrar contador de FPS e desempenho (DXVK HUD),Pokaż licznik FPS i wydajność (DXVK HUD),Показувати лічильник FPS та продуктивність (DXVK HUD),显示 FPS 计数器和性能 (DXVK HUD),FPSカウンターとパフォーマンスを表示 (DXVK HUD)
proton.chk_desktop,Run in virtual desktop (fixes old games),Запускать в виртуальном рабочем столе (исправляет старые игры),In virtuellem Desktop ausführen (behebt alte Spiele),Exécuter dans un bureau virtuel (corrige les anciens jeux),Ejecutar en escritorio virtual (arregla juegos antiguos),Executar em área de trabalho virtual (corrige jogos antigos),Uruchom na wirtualnym pulpicie (naprawia stare gry),Запускати у віртуальному робочому столі (виправляє старі ігри),在虚拟桌面中运行（修复旧游戏）,仮想デスクトップで実行（古いゲームを修正）
proton.chk_fsr,Enable AMD FSR upscaling (fullscreen),Включить масштабирование AMD FSR (полный экран),AMD FSR-Hochskalierung aktivieren (Vollbild),Activer la mise à l'échelle AMD FSR (plein écran),Activar escalado AMD FSR (pantalla completa),Ativar upscaling AMD FSR (tela cheia),Włącz skalowanie AMD FSR (pełny ekran),Увімкнути масштабування AMD FSR (повний екран),启用 AMD FSR 缩放（全屏）,AMD FSR アップスケーリングを有効化（フルスクリーン）
proton.chk_xbox_pad,Gamepad as Xbox 360 (if the game does not see your controller),Геймпад как Xbox 360 (если игра не видит контроллер),Gamepad als Xbox 360 (wenn das Spiel den Controller nicht erkennt),Manette en Xbox 360 (si le jeu ne détecte pas la manette),Mando como Xbox 360 (si el juego no detecta el mando),Controle como Xbox 360 (se o jogo não detectar o controle),Pad jako Xbox 360 (jeśli gra nie widzi kontrolera),Геймпад як Xbox 360 (якщо гра не бачить контролер),手柄模拟为 Xbox 360（游戏检测不到手柄时）,ゲームパッドを Xbox 360 として認識させる（ゲームがパッドを認識しない場合）
proton.group_args,Launch Parameters,Параметры запуска,Startparameter,Paramètres de lancement,Parámetros de lanzamiento,Parâmetros de lançamento,Parametry uruchamiania,Параметри запуску,启动参数,起動パラメーター
proton.txt_args_placeholder,Example: -windowed -novid,Например: -windowed -novid,Beispiel: -windowed -novid,Exemple : -windowed -novid,Ejemplo: -windowed -novid,Exemplo: -windowed -novid,Przykład: -windowed -novid,Наприклад: -windowed -novid,例如：-windowed -novid,例: -windowed -novid
proton.group_danger,Data Management,Управление данными,Datenverwaltung,Gestion des données,Gestión de datos,Gerenciamento de Dados,Zarządzanie danymi,Керування даними,数据管理,データ管理
proton.lbl_danger,Reset sandbox state (delete prefix),Сбросить состояние песочницы (удалить префикс),Sandbox-Status zurücksetzen (Präfix löschen),Réinitialiser le bac à sable (supprimer le préfixe),Restablecer el estado del sandbox (eliminar prefijo),Redefinir estado da sandbox (excluir prefixo),Zresetuj stan piaskownicy (usuń prefiks),Скинути стан пісочниці (видалити префікс),重置沙盒状态（删除前缀）,サンドボックスの状態をリセット (プレフィックスを削除)
proton.btn_clear,Clear Cache,Удалить кэш,Cache leeren,Vider le cache,Borrar caché,Limpar Cache,Wyczyść pamięć podręczną,Очистити кеш,清除缓存,キャッシュをクリア
proton.btn_cancel,Cancel,Отмена,Abbrechen,Annuler,Cancelar,Cancelar,Anuluj,Скасувати,取消,キャンセル
proton.btn_save,Save,Сохранить,Speichern,Enregistrer,Guardar,Salvar,Zapisz,Зберегти,保存,保存
proton.msg_empty_title,Cache Empty,Кэш пуст,Cache leer,Cache vide,Caché vacío,Cache vazio,Pamięć podręczna pusta,Кеш порожній,缓存为空,キャッシュが空です
proton.msg_empty_text,No prefix has been created for this program yet.,Префикс для этой программы еще не создавался.,Für dieses Programm wurde noch kein Präfix erstellt.,Aucun préfixe n'a encore été créé pour ce programme.,Aún no se ha creado ningún prefijo para este programa.,Nenhum prefixo foi criado para este programa ainda.,Nie utworzono jeszcze prefiksu dla tego programu.,Префікс для цієї програми ще не створювався.,尚未为此程序创建前缀。,このプログラムのプレフィックスはまだ作成されていません。
proton.msg_delete_title,Delete Data,Удаление данных,Daten löschen,Supprimer les données,Eliminar datos,Excluir Dados,Usuń dane,Видалення даних,删除数据,データを削除
proton.msg_delete_text,Are you sure you want to delete all cache and saves for '{0}'?\nThis action cannot be undone.,"Вы уверены, что хотите удалить весь кэш и сохранения для '{0}'?\nЭто действие нельзя отменить.",Möchten Sie wirklich alle Caches und Speicherstände für '{0}' löschen?\nDies kann nicht rückgängig gemacht werden.,Voulez-vous vraiment supprimer tout le cache et les sauvegardes pour '{0}' ?\nCette action est irréversible.,¿Seguro que quieres eliminar toda la caché y guardados de '{0}'?\nEsta acción no se puede deshacer.,Tem certeza que deseja excluir todo o cache e saves de '{0}'?\nEsta ação não pode ser desfeita.,Czy na pewno chcesz usunąć całą pamięć podręczną i zapisy dla '{0}'?\nTego działania nie można cofnąć.,"Ви впевнені, що хочете видалити весь кеш та збереження для '{0}'?\nЦю дію неможливо скасувати.",确定要删除 '{0}' 的所有缓存和存档吗？\n此操作无法撤销。,'{0}' のすべてのキャッシュとセーブデータを削除してもよろしいですか？\nこの操作は元に戻せません。
proton.msg_success_title,Success,Успешно,Erfolg,Succès,Éxito,Sucesso,Sukces,Успішно,成功,成功
proton.msg_success_text,App cache successfully deleted. It will be recreated on next launch.,Кэш программы успешно удален. При следующем запуске он будет создан заново.,App-Cache erfolgreich gelöscht. Er wird beim nächsten Start neu erstellt.,Cache de l'application supprimé. Il sera recréé au prochain lancement.,Caché de la aplicación eliminada. Se volverá a crear en el próximo inicio.,Cache do aplicativo excluído. Será recriado no próximo lançamento.,Pamięć podręczna aplikacji usunięta. Zostanie odtworzona przy następnym uruchomieniu.,Кеш програми успішно видалено. Він буде створений заново під час наступного запуску.,应用缓存已成功删除。它将在下次启动时重新创建。,アプリのキャッシュが正常に削除されました。次回の起動時に再作成されます。
proton.msg_error_title,Error,Ошибка,Fehler,Erreur,Error,Erro,Błąd,Помилка,错误,エラー
proton.msg_error_text,Failed to delete files:\n{0},Не удалось удалить файлы:\n{0},Dateien konnten nicht gelöscht werden:\n{0},Échec de la suppression des fichiers :\n{0},Error al eliminar archivos:\n{0},Falha ao excluir arquivos:\n{0},Nie udało się usunąć plików:\n{0},Не вдалося видалити файли:\n{0},无法删除文件：\n{0},ファイルの削除に失敗しました:\n{0}
proton.group_proton,Proton Engine,Движок Proton,Proton-Engine,Moteur Proton,Motor Proton,Motor Proton,Silnik Proton,Двигун Proton,Proton 引擎,Proton エンジン
proton.lbl_version,Installed: {0},Установлен: {0},Installiert: {0},Installé : {0},Instalado: {0},Instalado: {0},Zainstalowany: {0},Встановлено: {0},已安装：{0},インストール済み: {0}
proton.lbl_version_none,Not installed,Не установлен,Nicht installiert,Non installé,No instalado,Não instalado,Nie zainstalowany,Не встановлено,未安装,未インストール
proton.ver_auto,Automatic — UMU-Proton (updates itself),Автоматически — UMU-Proton (обновляется сам),Automatisch — UMU-Proton (aktualisiert sich selbst),Automatique — UMU-Proton (mise à jour automatique),Automático — UMU-Proton (se actualiza solo),Automático — UMU-Proton (atualiza sozinho),Automatycznie — UMU-Proton (aktualizuje się sam),Автоматично — UMU-Proton (оновлюється сам),自动 — UMU-Proton（自动更新）,自動 — UMU-Proton（自動更新）
proton.ver_ge,GE-Proton — extra patches for tricky games (updates itself),GE-Proton — доп. патчи для капризных игр (обновляется сам),GE-Proton — extra Patches für problematische Spiele (aktualisiert sich selbst),GE-Proton — correctifs pour jeux capricieux (mise à jour automatique),GE-Proton — parches extra para juegos problemáticos (se actualiza solo),GE-Proton — patches extras para jogos problemáticos (atualiza sozinho),GE-Proton — dodatkowe łatki dla wymagających gier (aktualizuje się sam),GE-Proton — дод. патчі для примхливих ігор (оновлюється сам),GE-Proton — 为疑难游戏提供额外补丁（自动更新）,GE-Proton — 問題のあるゲーム向け追加パッチ（自動更新）
proton.btn_update,Update,Обновить,Aktualisieren,Mettre à jour,Actualizar,Atualizar,Zaktualizuj,Оновити,更新,更新
proton.update_dialog_title,Update Proton Engine,Обновление движка Proton,Proton-Engine aktualisieren,Mise à jour du moteur Proton,Actualizar motor Proton,Atualizar motor Proton,Aktualizacja silnika Proton,Оновлення двигуна Proton,更新 Proton 引擎,Proton エンジンを更新
proton.update_checking,Checking for updates…,Проверка обновлений…,Auf Updates prüfen…,Vérification des mises à jour…,Comprobando actualizaciones…,Verificando atualizações…,Sprawdzanie aktualizacji…,Перевірка оновлень…,正在检查更新…,アップデートを確認中…
proton.update_up_to_date,Up to date: {0},Актуальная версия: {0},Aktuell: {0},À jour : {0},Actualizado: {0},Atualizado: {0},Aktualne: {0},Актуальна версія: {0},已是最新版本：{0},最新です: {0}
proton.update_available,New version: {0}\nInstalled: {1},Новая версия: {0}\nУстановлена: {1},Neue Version: {0}\nInstalliert: {1},Nouvelle version : {0}\nInstallée : {1},Nueva versión: {0}\nInstalada: {1},Nova versão: {0}\nInstalada: {1},Nowa wersja: {0}\nZainstalowana: {1},Нова версія: {0}\nВстановлена: {1},新版本：{0}\n已安装：{1},新バージョン: {0}\nインストール済み: {1}
proton.update_error,Could not check for updates.,Не удалось проверить наличие обновлений.,Updates konnten nicht geprüft werden.,Impossible de vérifier les mises à jour.,No se pudo comprobar actualizaciones.,Não foi possível verificar atualizações.,Nie można sprawdzić aktualizacji.,Не вдалося перевірити наявність оновлень.,无法检查更新。,アップデートを確認できませんでした。
proton.update_btn_install,Download & Install,Скачать и установить,Herunterladen & Installieren,Télécharger et installer,Descargar e instalar,Baixar e instalar,Pobierz i zainstaluj,Завантажити і встановити,下载并安装,ダウンロードしてインストール
proton.update_success,Proton updated successfully.,Proton успешно обновлён.,Proton erfolgreich aktualisiert.,Proton mis à jour avec succès.,Proton actualizado correctamente.,Proton atualizado com sucesso.,Proton zaktualizowany pomyślnie.,Proton успішно оновлено.,Proton 已成功更新。,Proton が正常に更新されました。
launcher.title,Launching: {0},Запуск: {0},Starte: {0},Lancement : {0},Iniciando: {0},Iniciando: {0},Uruchamianie: {0},Запуск: {0},正在启动：{0},起動中: {0}
launcher.init,Initializing UMU-Proton...,Инициализация UMU-Proton...,UMU-Proton wird initialisiert...,Initialisation d'UMU-Proton...,Iniciando UMU-Proton...,Inicializando UMU-Proton...,Inicjowanie UMU-Proton...,Ініціалізація UMU-Proton...,正在初始化 UMU-Proton...,UMU-Proton を初期化中...
launcher.downloading,Downloading libraries (first launch only)...,Скачивание библиотек (только при первом запуске)...,Bibliotheken werden heruntergeladen (nur beim ersten Start)...,Téléchargement des bibliothèques (premier lancement uniquement)...,Descargando bibliotecas (solo en el primer lanzamiento)...,Baixando bibliotecas (apenas no primeiro lançamento)...,Pobieranie bibliotek (tylko przy pierwszym uruchomieniu)...,Завантаження бібліотек (лише при першому запуску)...,正在下载库（仅限首次启动）...,ライブラリをダウンロード中（初回起動時のみ）...
launcher.verifying,Verifying environment files...,Проверка файлов среды...,Umgebungsdateien werden überprüft...,Vérification des fichiers d'environnement...,Verificando archivos del entorno...,Verificando arquivos de ambiente...,Weryfikowanie plików środowiska...,Перевірка файлів середовища...,正在验证环境文件...,環境ファイルを確認中...
launcher.setup_prefix,Setting up Windows prefix...,Настройка префикса Windows...,Windows-Präfix wird eingerichtet...,Configuration du préfixe Windows...,Configurando el prefijo de Windows...,Configurando o prefixo Windows...,Konfigurowanie prefiksu Windows...,Налаштування префіксу Windows...,正在设置 Windows 前缀...,Windows プレフィックスを設定中...
launcher.protonfixes,Applying compatibility patches...,Применение патчей совместимости...,Kompatibilitäts-Patches werden angewendet...,Application des correctifs de compatibilité...,Aplicando parches de compatibilidad...,Aplicando patches de compatibilidade...,Stosowanie poprawek zgodności...,Застосування патчів сумісності...,正在应用兼容性补丁...,互換性パッチを適用中...
launcher.btn_close,Close,Закрыть,Schließen,Fermer,Cerrar,Fechar,Zamknij,Закрити,关闭,閉じる
launcher.crash_text,Application exited with error (code {0}).\nCheck settings or clear the prefix.,Приложение завершилось с ошибкой (код {0}).\nПроверьте настройки или очистите префикс.,Anwendung mit Fehler beendet (Code {0}).\nEinstellungen prüfen oder Präfix löschen.,L'application s'est fermée avec une erreur (code {0}).\nVérifiez les paramètres ou réinitialisez le préfixe.,La aplicación se cerró con error (código {0}).\nRevisa la configuración o limpia el prefijo.,O aplicativo encerrou com erro (código {0}).\nVerifique as configurações ou limpe o prefixo.,Aplikacja zakończyła się błędem (kod {0}).\nSprawdź ustawienia lub wyczyść prefiks.,Додаток завершився з помилкою (код {0}).\nПеревірте налаштування або очистіть префікс.,应用程序以错误退出（代码 {0}）。\n请检查设置或清除前缀。,アプリケーションがエラーで終了しました（コード {0}）。\n設定を確認するか、プレフィックスをクリアしてください。
launcher.notify_crash_title,Launch Error,Ошибка запуска,Startfehler,Erreur de lancement,Error de inicio,Erro de inicialização,Błąd uruchomienia,Помилка запуску,启动错误,起動エラー
launcher.notify_crash_text,Program exited with code {0}.,Программа завершилась с кодом {0}.,Programm mit Code {0} beendet.,Le programme s'est arrêté avec le code {0}.,El programa terminó con el código {0}.,O programa encerrou com o código {0}.,Program zakończył się z kodem {0}.,Програма завершилася з кодом {0}.,程序以代码 {0} 退出。,プログラムがコード {0} で終了しました。
launcher.umu_missing_title,umu-run not found,umu-run не найден,umu-run nicht gefunden,umu-run introuvable,umu-run no encontrado,umu-run não encontrado,Nie znaleziono umu-run,umu-run не знайдено,未找到 umu-run,umu-run が見つかりません
launcher.umu_missing_text,Command umu-run not found.\n\nInstall the umu-launcher package and try again.,Команда umu-run не найдена.\n\nУстановите пакет umu-launcher и повторите попытку.,Befehl umu-run nicht gefunden.\n\nInstallieren Sie das Paket umu-launcher und versuchen Sie es erneut.,Commande umu-run introuvable.\n\nInstallez le paquet umu-launcher et réessayez.,Comando umu-run no encontrado.\n\nInstale el paquete umu-launcher e inténtelo de nuevo.,Comando umu-run não encontrado.\n\nInstale o pacote umu-launcher e tente novamente.,Nie znaleziono polecenia umu-run.\n\nZainstaluj pakiet umu-launcher i spróbuj ponownie.,Команду umu-run не знайдено.\n\nВстановіть пакет umu-launcher і спробуйте ще раз.,未找到命令 umu-run。\n\n请安装 umu-launcher 软件包并重试。,コマンド umu-run が見つかりません。\n\numu-launcher パッケージをインストールして再試行してください。
launcher.retry,Retry,Повторить,Wiederholen,Réessayer,Reintentar,Repetir,Ponów,Повторити,重试,再試行
proton.chk_debug,Debug mode (verbose log for troubleshooting),Режим отладки (подробный лог для диагностики),Debug-Modus (ausführlicher Log zur Fehlersuche),Mode débogage (journal détaillé pour diagnostic),Modo depuración (log detallado para diagnóstico),Modo de depuração (log detalhado para diagnóstico),Tryb debugowania (szczegółowy log do diagnostyki),Режим налагодження (докладний лог для діагностики),调试模式（详细日志用于诊断）,デバッグモード（診断用の詳細ログ）
proton.chk_compat_profile,"Install compatibility components for regular Windows apps (fonts, runtimes) — not for games","Установить компоненты совместимости для обычных программ (шрифты, рантаймы) — не для игр","Kompatibilitätskomponenten für normale Windows-Programme installieren (Schriften, Laufzeiten) — nicht für Spiele","Installer les composants de compatibilité pour les programmes Windows classiques (polices, runtimes) — pas pour les jeux","Instalar componentes de compatibilidad para programas Windows normales (fuentes, runtimes) — no para juegos","Instalar componentes de compatibilidade para programas Windows comuns (fontes, runtimes) — não para jogos","Zainstaluj komponenty zgodności dla zwykłych programów Windows (czcionki, biblioteki uruchomieniowe) — nie dla gier","Встановити компоненти сумісності для звичайних програм (шрифти, рантайми) — не для ігор",为普通 Windows 程序安装兼容性组件（字体、运行库）— 游戏不需要,通常のWindowsプログラム用の互換コンポーネントをインストール（フォント、ランタイム）— ゲームには不要
launcher.debug_exited,Game closed (debug mode). Log:,Игра завершена (режим отладки). Лог:,Spiel beendet (Debug-Modus). Log:,Jeu fermé (mode débogage). Journal :,Juego cerrado (modo depuración). Log:,Jogo fechado (modo de depuração). Log:,Gra zakończona (tryb debugowania). Log:,Гру закрито (режим налагодження). Лог:,游戏已关闭（调试模式）。日志：,ゲーム終了（デバッグモード）。ログ：
cleaner.title,Cache & Shader Cleaner,Очистка кэша и шейдеров,Cache- und Shader-Reiniger,Nettoyeur de cache et shaders,Limpiador de caché y shaders,Limpador de cache e shaders,Czyszczenie pamięci podręcznej i shaderów,Очищення кешу та шейдерів,缓存与着色器清理工具,キャッシュとシェーダーのクリーナー
cleaner.size,Size,Размер,Größe,Taille,Tamaño,Tamanho,Rozmiar,Розмір,大小,サイズ
cleaner.btn_clear_shaders,Clear Shaders,Очистить шейдеры,Shader löschen,Effacer les shaders,Limpiar shaders,Limpar shaders,Wyczyść shadery,Очистити шейдери,清除着色器,シェーダーをクリア
cleaner.btn_clear_prefix,Clear Prefix,Удалить префикс,Präfix löschen,Effacer le préfixe,Limpiar prefijo,Limpar prefixo,Wyczyść prefiks,Видалити префікс,清除前缀,プレフィックスをクリア
cleaner.btn_refresh,Refresh,Обновить,Aktualisieren,Actualiser,Actualizar,Atualizar,Odśwież,Оновити,刷新,更新
cleaner.btn_close,Close,Закрыть,Schließen,Fermer,Cerrar,Fechar,Zamknij,Закрити,关闭,閉じる
cleaner.btn_clear_mesa,Clear Mesa Cache,Очистить кэш Mesa,Mesa-Cache leeren,Vider le cache Mesa,Limpiar caché Mesa,Limpar cache Mesa,Wyczyść cache Mesa,Очистити кеш Mesa,清除 Mesa 缓存,Mesa キャッシュをクリア
cleaner.group_apps,Installed Apps,Установленные приложения,Installierte Apps,Applications installées,Aplicaciones instaladas,Aplicativos instalados,Zainstalowane aplikacje,Встановлені програми,已安装的应用,インストール済みアプリ
cleaner.group_global,Global Shader Cache,Глобальный кэш шейдеров,Globaler Shader-Cache,Cache de shaders global,Caché de shaders global,Cache de shaders global,Globalny cache shaderów,Глобальний кеш шейдерів,全局着色器缓存,グローバルシェーダーキャッシュ
cleaner.lbl_mesa,Mesa shader cache,Кэш шейдеров Mesa,Mesa-Shader-Cache,Cache de shaders Mesa,Caché de shaders Mesa,Cache de shaders Mesa,Cache shaderów Mesa,Кеш шейдерів Mesa,Mesa 着色器缓存,Mesa シェーダーキャッシュ
cleaner.no_apps,No apps found.,Приложения не найдены.,Keine Apps gefunden.,Aucune application trouvée.,No se encontraron aplicaciones.,Nenhum aplicativo encontrado.,Nie znaleziono aplikacji.,Програми не знайдено.,未找到任何应用。,アプリが見つかりません。
cleaner.msg_info_title,Information,Информация,Information,Information,Información,Informação,Informacja,Інформація,信息,情報
cleaner.msg_confirm_title,Confirm,Подтвердить,Bestätigen,Confirmer,Confirmar,Confirmar,Potwierdź,Підтвердити,确认,確認
cleaner.msg_success_title,Success,Успешно,Erfolg,Succès,Éxito,Sucesso,Sukces,Успішно,成功,成功
cleaner.msg_error_title,Error,Ошибка,Fehler,Erreur,Error,Erro,Błąd,Помилка,错误,エラー
cleaner.shaders_not_found,No shader cache files found.,Файлы кэша шейдеров не найдены.,Keine Shader-Cache-Dateien gefunden.,Aucun fichier de cache de shaders trouvé.,No se encontraron archivos de caché de shaders.,Nenhum arquivo de cache de shaders encontrado.,Nie znaleziono plików cache shaderów.,Файли кешу шейдерів не знайдено.,未找到着色器缓存文件。,シェーダーキャッシュファイルが見つかりません。
cleaner.shaders_cleared,Shader cache successfully cleared.,Кэш шейдеров успешно очищен.,Shader-Cache erfolgreich geleert.,Cache de shaders vidé avec succès.,Caché de shaders limpiada correctamente.,Cache de shaders limpo com sucesso.,Cache shaderów wyczyszczony pomyślnie.,Кеш шейдерів успішно очищено.,着色器缓存已成功清除。,シェーダーキャッシュが正常にクリアされました。
cleaner.prefix_not_found,Prefix directory not found.,Директория префикса не найдена.,Präfix-Verzeichnis nicht gefunden.,Répertoire de préfixe introuvable.,Directorio de prefijo no encontrado.,Diretório de prefixo não encontrado.,Katalog prefiksu nie został znaleziony.,Директорію префікса не знайдено.,未找到前缀目录。,プレフィックスディレクトリが見つかりません。
cleaner.prefix_cleared,Prefix successfully deleted.,Префикс успешно удалён.,Präfix erfolgreich gelöscht.,Préfixe supprimé avec succès.,Prefijo eliminado correctamente.,Prefixo excluído com sucesso.,Prefiks został pomyślnie usunięty.,Префікс успішно видалено.,前缀已成功删除。,プレフィックスが正常に削除されました。
cleaner.msg_confirm_shaders,Clear shader cache for {0}? ({1} will be freed),Очистить кэш шейдеров для {0}? ({1} будет освобождено),Shader-Cache für {0} leeren? ({1} werden freigegeben),Vider le cache de shaders pour {0} ? ({1} seront libérés),¿Limpiar caché de shaders para {0}? (Se liberarán {1}),Limpar cache de shaders para {0}? ({1} serão liberados),Wyczyścić cache shaderów dla {0}? (Zostanie zwolnione {1}),Очистити кеш шейдерів для {0}? (Буде звільнено {1}),清除 {0} 的着色器缓存？（将释放 {1}）,{0} のシェーダーキャッシュをクリアしますか？（{1} が解放されます）
cleaner.msg_confirm_prefix,Delete entire prefix for {0}? All saves and settings will be lost.,Удалить весь префикс для {0}? Все сохранения и настройки будут удалены.,Gesamten Präfix für {0} löschen? Alle Speicherstände und Einstellungen gehen verloren.,Supprimer le préfixe entier pour {0} ? Toutes les sauvegardes et paramètres seront perdus.,¿Eliminar todo el prefijo de {0}? Se perderán todos los guardados y configuraciones.,Excluir todo o prefixo de {0}? Todos os saves e configurações serão perdidos.,Usunąć cały prefiks dla {0}? Wszystkie zapisy i ustawienia zostaną utracone.,Видалити весь префікс для {0}? Усі збереження та налаштування будуть втрачені.,删除 {0} 的整个前缀？所有存档和设置将丢失。,{0} のプレフィックス全体を削除しますか？すべてのセーブデータと設定が失われます。
cleaner.mesa_not_found,No Mesa cache directories found.,Директории кэша Mesa не найдены.,Keine Mesa-Cache-Verzeichnisse gefunden.,Aucun répertoire de cache Mesa trouvé.,No se encontraron directorios de caché Mesa.,Nenhum diretório de cache Mesa encontrado.,Nie znaleziono katalogów cache Mesa.,Директорії кешу Mesa не знайдено.,未找到 Mesa 缓存目录。,Mesa キャッシュディレクトリが見つかりません。
cleaner.mesa_cleared,Mesa shader cache successfully cleared.,Кэш шейдеров Mesa успешно очищен.,Mesa-Shader-Cache erfolgreich geleert.,Cache de shaders Mesa vidé avec succès.,Caché de shaders Mesa limpiada correctamente.,Cache de shaders Mesa limpo com sucesso.,Cache shaderów Mesa wyczyszczony pomyślnie.,Кеш шейдерів Mesa успішно очищено.,Mesa 着色器缓存已成功清除。,Mesa シェーダーキャッシュが正常にクリアされました。
cleaner.msg_confirm_mesa,Clear all Mesa/Radeon shader caches?,Очистить все кэши шейдеров Mesa/Radeon?,Alle Mesa/Radeon-Shader-Caches leeren?,Vider tous les caches de shaders Mesa/Radeon ?,¿Limpiar todos los cachés de shaders Mesa/Radeon?,Limpar todos os caches de shaders Mesa/Radeon?,Wyczyścić wszystkie cache shaderów Mesa/Radeon?,Очистити всі кеші шейдерів Mesa/Radeon?,清除所有 Mesa/Radeon 着色器缓存？,すべての Mesa/Radeon シェーダーキャッシュをクリアしますか？
proton.chk_gamemode,"Use GameMode (CPU/GPU priority boost, if installed)","Использовать GameMode (приоритет CPU/GPU, если установлен)","GameMode verwenden (CPU/GPU-Prioritätsboost, falls installiert)","Utiliser GameMode (boost de priorité CPU/GPU, si installé)","Usar GameMode (aumento de prioridad de CPU/GPU, si está instalado)","Usar GameMode (aumento de prioridade de CPU/GPU, se instalado)","Użyj GameMode (zwiększenie priorytetu CPU/GPU, jeśli zainstalowany)","Використовувати GameMode (підвищення пріоритету CPU/GPU, якщо встановлено)",使用 GameMode（如已安装，提升 CPU/GPU 优先级）,GameMode を使用する（インストール済みの場合、CPU/GPU の優先度を上げる）
proton.chk_upscaler,Enable upscaler DLL upgrades (FSR4 / DLSS / XeSS),Обновлять DLL апскейлеров (FSR4 / DLSS / XeSS),Upscaler-DLL-Upgrades aktivieren (FSR4 / DLSS / XeSS),Activer les mises à niveau DLL d'upscaler (FSR4 / DLSS / XeSS),Activar actualizaciones de DLL de escalado (FSR4 / DLSS / XeSS),Ativar atualizações de DLL de upscaler (FSR4 / DLSS / XeSS),Włącz aktualizacje DLL skalowania (FSR4 / DLSS / XeSS),Увімкнути оновлення DLL апскейлерів (FSR4 / DLSS / XeSS),启用升频器 DLL 升级（FSR4 / DLSS / XeSS）,アップスケーラー DLL のアップグレードを有効化（FSR4 / DLSS / XeSS）
proton.group_directx,DirectX,DirectX,DirectX,DirectX,DirectX,DirectX,DirectX,DirectX,DirectX,DirectX
proton.directx_auto,Auto (default DXVK/VKD3D),Авто (DXVK/VKD3D по умолчанию),Automatisch (Standard DXVK/VKD3D),Automatique (DXVK/VKD3D par défaut),Automático (DXVK/VKD3D por defecto),Automático (DXVK/VKD3D padrão),Automatycznie (domyślne DXVK/VKD3D),Авто (DXVK/VKD3D за замовчуванням),自动（默认 DXVK/VKD3D）,自動（デフォルトの DXVK/VKD3D）
proton.directx_wined3d,"WineD3D (OpenGL, no Vulkan)","WineD3D (OpenGL, без Vulkan)","WineD3D (OpenGL, ohne Vulkan)","WineD3D (OpenGL, sans Vulkan)","WineD3D (OpenGL, sin Vulkan)","WineD3D (OpenGL, sem Vulkan)","WineD3D (OpenGL, bez Vulkan)","WineD3D (OpenGL, без Vulkan)",WineD3D（OpenGL，不使用 Vulkan）,WineD3D（OpenGL、Vulkan 不使用）
proton.directx_d3d9_only,DirectX 9 only (disable 10 and 11),Только DirectX 9 (отключить 10 и 11),Nur DirectX 9 (10 und 11 deaktivieren),DirectX 9 uniquement (désactiver 10 et 11),Solo DirectX 9 (desactivar 10 y 11),Somente DirectX 9 (desativar 10 e 11),Tylko DirectX 9 (wyłącz 10 i 11),Тільки DirectX 9 (вимкнути 10 і 11),仅 DirectX 9（禁用 10 和 11）,DirectX 9 のみ（10 と 11 を無効化）
proton.directx_no_d3d11,Without DirectX 11 (for games with DX11 issues),Без DirectX 11 (для игр с проблемами в DX11),Ohne DirectX 11 (für Spiele mit DX11-Problemen),Sans DirectX 11 (pour les jeux ayant des problèmes en DX11),Sin DirectX 11 (para juegos con problemas en DX11),Sem DirectX 11 (para jogos com problemas em DX11),Bez DirectX 11 (dla gier z problemami w DX11),Без DirectX 11 (для ігор із проблемами в DX11),不使用 DirectX 11（适用于 DX11 有问题的游戏）,DirectX 11 を使用しない（DX11 に問題があるゲーム向け）
proton.txt_vkd3d_config,VKD3D_CONFIG for DirectX 12 (advanced),VKD3D_CONFIG для DirectX 12 (для опытных),VKD3D_CONFIG für DirectX 12 (erweitert),VKD3D_CONFIG pour DirectX 12 (avancé),VKD3D_CONFIG para DirectX 12 (avanzado),VKD3D_CONFIG para DirectX 12 (avançado),VKD3D_CONFIG dla DirectX 12 (zaawansowane),VKD3D_CONFIG для DirectX 12 (для досвідчених),DirectX 12 的 VKD3D_CONFIG（高级）,DirectX 12 用 VKD3D_CONFIG（上級者向け）
proton.group_compat,Compatibility,Совместимость,Kompatibilität,Compatibilité,Compatibilidad,Compatibilidade,Zgodność,Сумісність,兼容性,互換性
proton.chk_steamdeck,Pretend to be Steam Deck (SteamDeck=1),Притворяться Steam Deck (SteamDeck=1),Als Steam Deck ausgeben (SteamDeck=1),Se faire passer pour un Steam Deck (SteamDeck=1),Simular ser un Steam Deck (SteamDeck=1),Fingir ser um Steam Deck (SteamDeck=1),Udawaj Steam Deck (SteamDeck=1),Прикидатися Steam Deck (SteamDeck=1),伪装为 Steam Deck（SteamDeck=1）,Steam Deck として振る舞う（SteamDeck=1）
proton.txt_extra_env,Extra env vars: VAR1=val1;VAR2=val2,Доп. переменные окружения: VAR1=знач1;VAR2=знач2,Zusätzliche Umgebungsvariablen: VAR1=wert1;VAR2=wert2,Variables d'environnement supp. : VAR1=val1;VAR2=val2,Variables de entorno extra: VAR1=val1;VAR2=val2,Variáveis de ambiente extra: VAR1=val1;VAR2=val2,Dodatkowe zmienne środowiskowe: VAR1=wart1;VAR2=wart2,Дод. змінні середовища: VAR1=знач1;VAR2=знач2,额外环境变量：VAR1=值1;VAR2=值2,追加の環境変数: VAR1=値1;VAR2=値2
cleaner.btn_launch,▶ Launch,▶ Запустить,▶ Starten,▶ Lancer,▶ Iniciar,▶ Iniciar,▶ Uruchom,▶ Запустити,▶ 启动,▶ 起動
cleaner.menu_no_programs,No programs found,Программы не найдены,Keine Programme gefunden,Aucun programme trouvé,No se encontraron programas,Nenhum programa encontrado,Nie znaleziono programów,Програм не знайдено,未找到程序,プログラムが見つかりません
cleaner.label_uninstall,Uninstall,Удаление,Deinstallieren,Désinstaller,Desinstalar,Desinstalar,Odinstaluj,Видалити,卸载,アンインストール
proton.directx_dx12,"DirectX 12 (VKD3D-Proton, no restrictions)","DirectX 12 (VKD3D-Proton, без ограничений)","DirectX 12 (VKD3D-Proton, ohne Einschränkungen)","DirectX 12 (VKD3D-Proton, sans restriction)","DirectX 12 (VKD3D-Proton, sin restricciones)","DirectX 12 (VKD3D-Proton, sem restrições)","DirectX 12 (VKD3D-Proton, bez ograniczeń)","DirectX 12 (VKD3D-Proton, без обмежень)",DirectX 12（VKD3D-Proton，无限制）,DirectX 12（VKD3D-Proton、制限なし）
proton.directx_dx11,DirectX 11 (disable DirectX 12),DirectX 11 (отключить DirectX 12),DirectX 11 (DirectX 12 deaktivieren),DirectX 11 (désactiver DirectX 12),DirectX 11 (desactivar DirectX 12),DirectX 11 (desativar DirectX 12),DirectX 11 (wyłącz DirectX 12),DirectX 11 (вимкнути DirectX 12),DirectX 11（禁用 DirectX 12）,DirectX 11（DirectX 12 を無効化）
proton.directx_dx10,DirectX 10 (disable 11 and 12),DirectX 10 (отключить 11 и 12),DirectX 10 (11 und 12 deaktivieren),DirectX 10 (désactiver 11 et 12),DirectX 10 (desactivar 11 y 12),DirectX 10 (desativar 11 e 12),DirectX 10 (wyłącz 11 i 12),DirectX 10 (вимкнути 11 і 12),DirectX 10（禁用 11 和 12）,DirectX 10（11 と 12 を無効化）
proton.directx_dx9,"DirectX 9 (disable 10, 11 and 12)","DirectX 9 (отключить 10, 11 и 12)","DirectX 9 (10, 11 und 12 deaktivieren)","DirectX 9 (désactiver 10, 11 et 12)","DirectX 9 (desactivar 10, 11 y 12)","DirectX 9 (desativar 10, 11 e 12)","DirectX 9 (wyłącz 10, 11 i 12)","DirectX 9 (вимкнути 10, 11 і 12)",DirectX 9（禁用 10、11 和 12）,DirectX 9（10、11、12 を無効化）
proton.directx_dx8,"DirectX 8 (via DXVK d3d8, newer versions disabled)","DirectX 8 (через DXVK d3d8, новые версии отключены)","DirectX 8 (über DXVK d3d8, neuere Versionen deaktiviert)","DirectX 8 (via DXVK d3d8, versions récentes désactivées)","DirectX 8 (vía DXVK d3d8, versiones nuevas desactivadas)","DirectX 8 (via DXVK d3d8, versões novas desativadas)","DirectX 8 (przez DXVK d3d8, nowsze wersje wyłączone)","DirectX 8 (через DXVK d3d8, нові версії вимкнено)",DirectX 8（通过 DXVK d3d8，禁用较新版本）,DirectX 8（DXVK d3d8 経由、新しいバージョンは無効）
